UK0001,50.90,-1.57
UK0002,50.73,-0.99
UK0003,53.70,-2.15
UK0004,50.99,0.87
UK0006,51.75,-1.81
UK0008,54.33,-0.47
UK0009,51.06,-1.18
UK000B,57.44,-1.72
UK000D,51.24,-2.36
UK000F,51.35,-0.69
UK000H,50.59,-2.06
UK000J,53.58,-1.30
UK000P,55.07,-3.91
UK000R,53.02,-2.01
UK000S,51.14,-1.76
UK000T,51.22,-3.39
UK000U,53.65,-1.75
UK000X,55.41,-2.08
UK000Y,53.21,-1.28
UK000Z,52.82,-2.07
UK001E,51.01,-1.66
UK001H,54.25,-1.94
UK001K,51.29,-3.88
UK001L,52.33,-1.67
UK001M,52.76,-4.64
UK001N,52.98,-2.93
UK001P,52.48,-1.94
UK001Q,53.22,-3.01
UK001R,53.73,-2.73
UK001S,52.51,-2.82
UK001T,53.46,-1.82
UK001U,52.99,-2.93
UK001V,53.16,-3.38
UK001W,53.46,-2.69
UK001X,52.48,-3.67
UK001Y,52.56,-2.45
UK001Z,51.20,-3.20
UK0020,50.86,-3.66
UK0021,50.19,-4.05
UK0022,50.84,-1.09
UK0024,50.90,-3.51
UK0025,50.62,-2.72
UK0026,52.83,0.39
UK0027,51.74,-2.33
UK0029,52.37,-3.68
UK002F,52.06,-0.56
UK002G,52.28,-2.88
UK002H,52.86,-2.54
UK002J,51.12,-2.43
UK002K,53.53,0.18
UK002L,56.24,-4.92
UK002P,54.26,-2.12
UK002Q,50.81,-1.82
UK002R,52.71,-3.14
UK002S,52.53,-2.73
UK002T,52.36,-2.75
UK002U,52.70,-2.82
UK002V,52.49,-3.51
UK002W,51.33,-1.88
UK002X,54.69,-2.37
UK002Y,51.36,0.18
UK002Z,53.65,-0.84
UK0030,51.84,-2.99
UK0031,51.62,-2.28
UK0032,53.08,-0.46
UK0033,52.50,-3.08
UK0034,52.60,1.07
UK0035,52.92,0.59
UK0036,54.16,-1.82
UK0037,51.34,-0.66
UK0038,51.08,-2.10
UK0039,51.27,-0.33
UK003A,52.28,-1.19
UK003B,53.15,-1.02
UK003C,50.20,-4.47
UK003D,51.68,-0.77
UK003E,50.95,-2.91
UK003F,51.73,-2.53
UK003G,51.92,-1.51
UK003J,51.13,-2.59
UK003K,50.29,-3.97
UK003L,51.50,-1.95
UK003M,51.19,-1.73
UK003N,50.98,-0.25
UK003P,51.79,-3.44
UK003S,51.41,-1.98
UK003T,53.71,-1.57
UK003U,53.10,-2.22
UK003V,53.51,-3.47
UK003W,51.54,0.70
UK003X,52.04,-1.51
UK003Y,54.64,-3.85
UK003Z,51.09,-1.99
UK0041,52.39,1.05
UK0042,52.54,-4.05
UK0045,51.12,0.45
UK0049,52.02,-1.94
UK004A,51.61,0.56
UK004B,53.83,-0.50
UK004C,51.29,0.71
UK004D,52.39,-0.32
UK004E,51.26,1.21
UK004F,51.31,-0.01
UK004G,51.81,-0.46
UK004H,51.82,0.43
UK004J,51.60,1.45
UK004L,53.36,-0.04
UK004M,52.68,-4.04
UK004N,53.42,-2.75
UK004P,51.46,0.26
UK004R,49.63,-4.80
UK004U,56.59,-1.91
UK004V,55.65,-2.82
UK004X,51.24,-0.47
UK0050,52.28,-2.30
UK0051,50.65,-4.64
UK0052,54.69,-5.20
UK0055,55.88,-4.36
UK0056,52.83,1.37
UK0057,57.97,-3.30
UK005C,53.47,0.26
UK005E,52.21,0.19
UK005G,53.06,0.03
UK005H,53.41,-0.89
UK005J,57.41,-1.96
UK005K,54.40,-2.38
UK005L,51.93,-3.34
UK005M,53.15,-1.19
UK005N,51.54,0.05
UK005P,51.19,0.32
UK005R,54.12,-3.09
UK005S,52.35,-2.66
UK005U,51.58,-0.23
UK005V,52.81,-2.05
UK005Y,55.76,-4.97
UK0060,51.37,-3.05
UK0061,55.53,-2.10
UK0062,52.18,-2.34
UK0063,51.47,0.58
UK0066,56.00,-2.41
UK0067,52.25,-2.28
UK0069,51.53,-2.22
UK006A,53.09,-2.44
UK006B,52.38,-0.08
UK006C,53.64,-0.32
UK006D,50.95,-0.45
UK006E,55.74,-2.82
UK006G,53.23,0.26
UK006H,50.09,-1.97
UK006J,54.48,-1.51
UK006K,54.46,-6.83
UK006L,53.07,-0.74
UK006P,52.14,1.12
UK006Q,54.74,-3.69
UK006R,51.54,-0.66
UK006S,51.09,-2.32
UK006T,53.47,-1.67
UK006U,51.19,0.81
UK006V,54.01,-0.62
UK006X,50.88,-1.82
UK006Y,55.42,-3.09
UK006Z,53.48,-1.66
UK0070,52.91,-1.21
UK0072,53.53,-1.71
UK0073,55.09,-1.10
UK0074,55.66,-3.18
UK0075,52.96,-1.01
UK0077,51.84,-2.66
UK0078,51.32,0.17
UK0079,50.54,-0.00
UK007A,51.05,-3.26
UK007B,50.81,-2.86
UK007C,51.15,-0.36
UK007E,51.27,-0.57
UK007G,56.91,-2.38
UK007H,51.43,0.21
UK007J,56.58,-3.27
UK007L,50.99,-1.66
UK007M,53.02,-1.97
UK007N,51.99,-1.12
UK007P,51.47,-2.38
UK007Q,50.90,-2.94
UK007R,51.29,-1.61
UK007U,51.32,0.89
UK007V,51.35,-1.65
UK007W,52.28,1.86
UK007Y,53.00,1.22
UK007Z,56.95,-3.56
UK0080,56.18,-5.18
UK0081,56.68,-3.89
UK0082,56.96,-5.51
UK0083,52.88,-2.38
UK0084,51.18,-0.69
UK0085,56.61,-1.76
UK0086,52.51,-1.94
UK0087,52.96,-0.97
UK0088,54.70,-2.93
UK0089,51.80,-3.96
UK008A,56.38,-1.60
UK008B,51.06,-1.03
UK008C,50.24,-0.25
UK008D,50.64,-1.49
UK008E,50.93,-2.65
UK008F,53.33,-0.19
UK008G,53.68,-1.71
UK008H,55.95,-2.69
UK008J,51.86,-3.36
UK008K,51.50,-2.37
UK008L,52.55,-2.78
UK008M,51.64,0.38
UK008Q,50.32,-3.17
UK008R,57.58,-3.80
UK008S,53.48,-2.91
UK008T,50.31,-0.08
UK008U,54.13,-5.68
UK008V,51.58,-3.10
UK008W,51.70,-2.06
UK008X,51.14,-1.75
UK008Z,52.21,0.88
UK0090,53.76,-2.16
UK0092,51.48,-0.11
UK0096,55.79,-5.46
UK0098,53.47,-0.69
UK0099,52.20,-1.05
UK009A,51.58,-0.97
UK009B,59.68,-1.20
UK009C,55.99,-4.39
UK009D,51.23,-3.17
UK009E,51.36,-0.38
UK009F,58.97,-2.95
UK009G,51.15,-2.00
UK009J,52.49,-0.72
UK009K,51.31,-2.19
UK009L,51.48,-0.21
UK009M,52.15,1.19
UK009P,52.19,-2.57
UK009Q,57.20,-3.96
UK009R,51.32,1.12
UK009S,50.82,-3.60
UK009T,52.95,-1.68
UK009U,52.98,-0.76
UK009V,51.82,-1.27
UK009W,51.22,-1.60
UK009X,50.85,0.35
UK00A0,53.40,0.20
UK00A1,50.56,-4.29
UK00A2,50.26,-3.08
UK00A3,53.48,-1.66
UK00A4,51.43,1.28
UK00A5,51.60,-1.89
UK00A6,50.80,-1.73
UK00A7,59.12,-3.37
UK00A9,52.04,0.64
UK00AA,53.90,-3.90
UK00AB,50.58,-2.37
UK00AD,57.54,-2.62
UK00AE,51.47,-1.73
UK00AF,51.14,0.08
UK00AG,51.46,-0.85
UK00AJ,53.14,-3.29
UK00AK,50.51,-2.52
UK00AL,52.63,-1.22
UK00AM,53.32,-1.20
UK00AN,52.73,-0.10
UK00AP,49.98,-2.82
UK00AQ,53.66,-3.37
UK00AS,53.55,-2.31
UK00AT,52.94,-0.86
UK00AU,50.69,-3.56
UK00AV,52.69,-3.75
UK00AY,51.60,-0.43
UK00AZ,54.66,-0.92
UK00B0,51.73,-2.74
UK00B1,51.21,-1.17
UK00B2,52.22,-1.45
UK00B5,50.88,-2.55
UK00B6,52.17,-1.66
UK00B7,58.65,-2.08
UK00B8,54.28,-6.72
UK00BA,51.41,-2.81
UK00BB,50.45,-4.74
UK00BC,51.60,0.66
UK00BD,51.96,-3.31
UK00BE,50.44,-0.86
UK00BF,53.45,-1.02
UK00BH,51.54,-0.23
UK00BJ,52.48,0.18
UK00BK,51.68,-2.53
UK00BL,51.66,-3.05
UK00BN,55.20,-3.55
UK00BQ,56.38,-0.98
UK00BW,51.37,-2.09
UK00C0,53.03,-3.39
UK00C1,53.01,-2.36
UK00C2,53.31,-1.86
UK00C3,55.04,-1.35
UK00C4,54.43,-6.61
UK00C6,50.42,-5.45
UK00C7,51.08,-0.00
UK00C9,52.87,-4.30
UK00CA,51.35,-0.61
UK00CC,51.76,0.51
UK00CD,53.58,-2.31
UK00CE,50.34,-1.25
UK00CH,53.46,-3.19
UK00CJ,51.42,1.39
UK00CK,51.70,-2.71
UK00CQ,52.35,-2.31
UK00CS,54.90,-3.70
UK00CT,56.30,-4.40
UK00CU,53.55,0.31
UK00CV,53.75,-2.06
UK00CZ,50.27,-3.34
UK00D6,51.07,1.74
UK00D7,52.42,0.61
UK00D9,52.70,-3.69
UK00DA,52.68,-2.62
UK00DB,54.25,-1.59
UK00DC,54.51,-1.90
UK00DD,54.65,-1.45
UK00DE,53.47,-3.07
UK00DF,53.93,-2.72
UK00DG,51.91,-3.34
UK00DH,51.29,-3.45
UK00DJ,53.38,-0.57
UK00DK,56.17,-2.10
UK00DL,51.56,-3.26
UK00DN,51.36,-1.38
UK00DQ,52.65,-1.39
UK00DT,51.11,-2.86
UK00DU,53.65,-1.82
